date,trade_goods,eurusd,hicp,interest_rate,bdi,cti,fx_vol,cds_spread,tpu,gtrends_export,gtrends_import,ntl,ecb_sentiment,sentiment_dispersion,trade_goods_lag1,trade_goods_lag3,trade_goods_lag12,eurusd_lag1,hicp_lag1,interest_rate_lag1
2008-01-01,-4864.0,1.4717909090909,3.2,4.4815455,1500.0,85.77219977603409,8.745007997149294,20.0,100.0,19.0,50.0,98.50955302010732,0.1,0.0,,,,,,
2008-02-01,-2242.0,1.4748380952381,3.2,4.3620952,1539.7371322408985,83.22567986325387,7.945291522720696,20.401873864247808,108.77313759805776,19.0,46.0,99.99629096433269,0.04284204608967022,0.10895721543923978,-4864.0,,,1.4717909090909,3.2,4.4815455
2008-03-01,-3051.0,1.5526526315789,3.5,4.5963684,1527.9209826346266,85.75296725853283,8.438934035971863,21.96263177702637,126.8682153567488,29.0,69.0,101.8172909912432,0.07681513420636987,0.24113134314946702,-2242.0,,,1.4748380952381,3.2,4.3620952
2008-04-01,-2846.0,1.57505,3.4,4.7835,1579.2055670126242,86.19380975232924,11.043629466935874,20.203913011457693,138.0548201641048,21.0,42.0,104.84366417084486,0.002054450272631722,0.16169040173548488,-3051.0,-4864.0,,1.5526526315789,3.5,4.5963684
2008-05-01,-4651.0,1.5557,3.7,4.857381,1699.5430497520263,91.2426201838725,8.074693486935228,19.44690283495703,124.44906494918355,21.0,40.0,102.67943727905943,0.023829971942994806,0.16156068564636936,-2846.0,-2242.0,,1.57505,3.4,4.7835
2008-06-01,-4734.0,1.5552761904762,4.0,4.9405238,1677.0194618288708,88.24680540462259,10.159684792375458,13.373673184816179,129.59077814437924,17.0,39.0,103.52142946642162,0.02595068361746966,0.24019238925272446,-4651.0,-3051.0,,1.5557,3.7,4.857381
2008-07-01,-4007.0,1.5769695652174,4.0,4.961,1654.925135498188,91.73428738389774,9.071230169297866,5.0,125.69082086001876,17.0,40.0,97.33786258047729,0.09674781456740646,0.13693189176813658,-4734.0,-2846.0,,1.5552761904762,4.0,4.9405238
2008-08-01,-5302.0,1.4975380952381,3.5,4.9651905,1778.3185831643138,96.95076693263789,10.21337660380531,5.0,123.50138142892273,21.0,45.0,100.0846618199841,0.06969274070133266,0.17849211509367327,-4007.0,-4651.0,,1.5769695652174,4.0,4.961
2008-09-01,-4531.0,1.43695,3.4,5.0191818,1834.4253084164247,95.30731826162712,13.575171864823888,85.0,114.01757687670974,20.0,40.0,100.5498857414785,-0.38272753456974934,0.24355236982064252,-5302.0,-4734.0,,1.4975380952381,3.5,4.9651905
2008-10-01,-4878.0,1.3322086956522,3.0,5.113087,1790.5132766817164,90.71093756194539,17.20454435695998,85.0,112.01985121759951,33.0,43.0,97.15922832080366,-0.3264775506500959,0.35152205356396105,-4531.0,-4007.0,,1.43695,3.4,5.0191818
2008-11-01,-5522.0,1.273215,1.9,4.2383,1828.398327911641,91.40531428221703,18.72087325652044,87.65539293622798,124.36852378545537,20.0,35.0,101.77059020005314,-0.32171148066512667,0.3296439594063909,-4878.0,-5302.0,,1.3322086956522,3.0,5.113087
2008-12-01,-2194.0,1.3449428571429,1.2,3.292619,1785.085344256323,94.12958953581933,18.823255348474397,88.18027378916989,110.39951223141475,21.0,42.0,98.00659566500879,-0.3750721949009199,0.2076317679119718,-5522.0,-4531.0,,1.273215,1.9,4.2383
2009-01-01,-3993.0,1.3238666666667,0.8,2.4565238,1742.4103424298323,87.97827120719582,26.283344518934314,90.06738622812895,110.20474945468854,26.0,53.0,100.27214960658588,-0.3840651772832983,0.3188447146155028,-2194.0,-4878.0,-4864.0,1.3449428571429,1.2,3.292619
2009-02-01,-3402.0,1.27847,1.0,1.94305,1757.1615276489483,90.52086335000415,16.77077288893838,85.0,133.24771394276814,30.0,41.0,99.68192047446175,-0.40415947826162846,0.28907535055658484,-3993.0,-5522.0,-2242.0,1.3238666666667,0.8,2.4565238
2009-03-01,-3625.0,1.3049818181818,0.4,1.6354545,1599.2130390509944,94.61347441688935,15.253065636632241,87.97117569384754,124.79788496456565,25.0,41.0,103.28140426068578,-0.38144752644611424,0.2895328668503391,-3402.0,-2194.0,-3051.0,1.27847,1.0,1.94305
2009-04-01,-3216.0,1.31903,0.1,1.4223,1459.334564707983,92.69858949125569,17.856845968483263,85.0,117.85946388211578,17.0,35.0,102.3696556305759,-0.3579586613656413,0.3509577403860545,-3625.0,-3993.0,-2846.0,1.3049818181818,0.4,1.6354545
2009-05-01,-1745.0,1.365045,-0.3,1.2817,1415.1242056392534,98.72908411937652,13.53996454668238,85.0,129.35044165437375,23.0,42.0,106.92721500819601,-0.40944733823125584,0.38103740613838494,-3216.0,-3402.0,-4651.0,1.31903,0.1,1.4223
2009-06-01,-2537.0,1.4016454545455,-0.6,1.2279091,1335.7103561053539,90.84370853386662,13.535180571698106,85.0,129.24867726710136,14.0,36.0,103.68651824996246,-0.4949658807476362,0.36175797220660383,-1745.0,-3625.0,-4734.0,1.365045,-0.3,1.2817
2009-07-01,-319.0,1.4087695652174,-0.8,0.9749565,1363.9716459469741,89.26646557725832,10.030748279710478,5.0,126.50421185161615,10.0,28.0,103.68868507440955,-0.19219378540952428,0.134157389501746,-2537.0,-3216.0,-4007.0,1.4016454545455,-0.6,1.2279091
2009-08-01,-3460.0,1.4268,-0.2,0.8604762,1293.9142586322846,89.38935657179823,9.578903993513029,5.0,149.7341396358307,10.0,36.0,102.71881988488053,-0.1031839079741837,0.15863049704824755,-319.0,-1745.0,-5302.0,1.4087695652174,-0.8,0.9749565
2009-09-01,-2691.0,1.4561636363636,-0.4,0.7720909,1184.8455916114478,91.70665080983407,8.63486525165866,5.0,127.57231397893706,26.0,54.0,97.33098463911794,-0.09418339159108595,0.15086874823762766,-3460.0,-2537.0,-4531.0,1.4268,-0.2,0.8604762
2009-10-01,-2868.0,1.4816363636364,-0.2,0.7375,1308.0854268845546,90.75614919237572,7.238457608327995,5.0,124.37350683336521,26.0,47.0,96.46255740224179,-0.014695890266865033,0.18096339567871556,-2691.0,-319.0,-4878.0,1.4561636363636,-0.4,0.7720909
2009-11-01,-5123.0,1.4914476190476,0.5,0.7161905,1293.6696997348254,97.48494553549362,8.378906714652619,5.0,116.16252261307326,21.0,45.0,101.8342046143081,-0.01946108245797605,0.13117242086868106,-2868.0,-3460.0,-5522.0,1.4816363636364,-0.2,0.7375
2009-12-01,-3689.0,1.4613590909091,1.0,0.7120455,1302.9922318148977,89.14656875275419,10.499778082740736,5.0,91.55098998693401,20.0,25.0,99.24138914469316,0.04348498590226275,0.1698108767806951,-5123.0,-2691.0,-2194.0,1.4914476190476,0.5,0.7161905
2010-01-01,-4095.0,1.42721,1.2,0.67975,1192.755524513338,90.06592352597772,10.082752687722218,5.0,78.87568312712055,14.0,36.0,102.7924281027799,0.07612292346816968,0.07244268634191847,-3689.0,-2868.0,-3993.0,1.4613590909091,1.0,0.7120455
2010-02-01,-2769.0,1.36857,1.4,0.6617,1155.04255158557,92.13606769829578,8.9811385817649,5.0,79.28262387581877,17.0,44.0,103.08140991346033,0.15989255547230402,0.15838929851254563,-4095.0,-5123.0,-3402.0,1.42721,1.2,0.67975
2010-03-01,-3971.0,1.356852173913,1.7,0.6449565,1170.4705502822335,88.77596727348721,9.208970781227162,5.0,57.25163974712824,24.0,36.0,105.04092919329219,0.21451184735968104,0.2332238584177072,-2769.0,-3689.0,-3625.0,1.36857,1.4,0.6617
2010-04-01,-3236.0,1.34057,1.9,0.6447,1084.6521236330868,90.43106890518233,9.411947269544495,5.0,57.19947401712726,21.0,31.0,104.61156189747362,0.2023482924520093,0.16834871567196197,-3971.0,-4095.0,-3216.0,1.356852173913,1.7,0.6449565
2010-05-01,-5291.0,1.2565333333333,1.9,0.6865238,1122.599574751712,89.67281337034967,13.438375557578173,5.0,55.0892589628385,18.0,37.0,105.46425088125403,0.24560167441832648,0.187069246921735,-3236.0,-2769.0,-1745.0,1.34057,1.9,0.6447
2010-06-01,-2537.0,1.22085,1.7,0.7275909,1081.7190876379252,90.79344359819902,13.754495841575697,5.0,71.92823355832228,10.0,29.0,102.87123604779588,0.25404996622123865,0.16480210158108619,-5291.0,-3971.0,-2537.0,1.2565333333333,1.9,0.6865238
2010-07-01,-1903.0,1.277,1.9,0.8488182,1066.3309249893425,83.93082614977052,10.728273498954254,5.0,77.88443391890681,0.0,35.0,103.5439915023105,0.22429268489656135,0.15057264883859714,-2537.0,-3236.0,-319.0,1.22085,1.7,0.7275909
2010-08-01,-5459.0,1.2894181818182,1.6,0.8955,1026.4341084361931,90.53699278152784,10.257180971615922,5.0,78.25043881551453,15.0,37.0,99.74252102264299,0.22151996578580616,0.21721851070230302,-1903.0,-5291.0,-3460.0,1.277,1.9,0.8488182
2010-09-01,-4886.0,1.3067,1.8,0.8805,1183.6141151366205,87.74968438205687,9.104814814718658,5.0,78.15182545503558,19.0,39.0,101.35922869965822,0.24659242717475466,0.10663531717424082,-5459.0,-2537.0,-2691.0,1.2894181818182,1.6,0.8955
2010-10-01,-3232.0,1.389780952381,1.8,0.9976667,1188.54566896999,88.87321108007683,10.23848110329748,5.0,72.4462353501792,20.0,34.0,97.81111332043449,0.23749246490750078,0.12277236522470684,-4886.0,-1903.0,-2868.0,1.3067,1.8,0.8805
2010-11-01,-6001.0,1.3660954545455,1.8,1.0420455,1109.8464269430883,87.39694209428097,12.76426592052087,5.0,66.42781880403929,25.0,33.0,99.70356384720023,0.20347453342472685,0.06817032865911923,-3232.0,-5459.0,-5123.0,1.389780952381,1.8,0.9976667
2010-12-01,-4808.0,1.3220130434783,2.0,1.0216957,1183.0629377994246,93.87752618502593,11.43577307789146,5.0,68.62735517483478,16.0,37.0,100.24050422117007,0.2228827872161852,0.1507162900358347,-6001.0,-4886.0,-3689.0,1.3660954545455,1.8,1.0420455
2011-01-01,-6812.0,1.3359666666667,2.0,1.0172381,1091.4172499835538,83.19904639381987,11.877738909855902,5.0,55.336993179886385,19.0,40.0,103.7332013518447,0.25221635644996565,0.15648161121102755,-4808.0,-3232.0,-4095.0,1.3220130434783,2.0,1.0216957
2011-02-01,-5522.0,1.364895,1.8,1.08675,1115.8894098342466,94.07077930517782,8.32975357048135,5.0,35.737459420359556,20.0,40.0,104.01974718761348,0.2256724599129275,0.2552667380333823,-6812.0,-6001.0,-2769.0,1.3359666666667,2.0,1.0172381
2011-03-01,-5546.0,1.3999173913043,2.2,1.1755217,966.4139011370139,88.45554828259226,8.086224066032232,5.0,33.083322679841814,25.0,46.0,106.85229715928503,0.13178668939608662,0.08545554635339812,-5522.0,-4808.0,-3971.0,1.364895,1.8,1.08675
2011-04-01,-5887.0,1.4441789473684,2.2,1.3212105,870.2971531035362,95.77918348415595,9.12603763509939,5.0,42.74172426662988,19.0,38.0,106.65297388313421,0.17045773572325768,0.17976214402959625,-5546.0,-6812.0,-3236.0,1.3999173913043,2.2,1.1755217
2011-05-01,-6714.0,1.4348636363636,2.2,1.4250909,898.0104060640988,95.62662903611509,12.49792927130511,5.0,33.092731044881035,14.0,33.0,104.36682276215953,0.08405857420049652,0.0755528215608314,-5887.0,-5522.0,-5291.0,1.4441789473684,2.2,1.3212105
2011-06-01,-4977.0,1.4388409090909,2.3,1.4885909,968.5255347485138,95.83957263706064,11.484529915714585,125.0,20.0,15.0,29.0,103.76598992866829,-0.2526767147822697,0.30954584052798717,-6714.0,-5546.0,-2537.0,1.4348636363636,2.2,1.4250909
2011-07-01,-4760.0,1.4264285714286,2.1,1.597619,992.3330120834896,96.16007601639811,11.666514945337106,125.54958339780327,20.0,11.0,29.0,103.00192146416329,-0.2433651802507492,0.306714035056175,-4977.0,-5887.0,-1903.0,1.4388409090909,2.3,1.4885909
2011-08-01,-5432.0,1.4343217391304,2.4,1.552087,992.7268222628442,101.39270307255047,12.697438889552117,125.0,20.0,9.0,32.0,101.2516880777698,-0.25044465489209655,0.28613542771280126,-4760.0,-6714.0,-5459.0,1.4264285714286,2.1,1.597619
2011-09-01,-5694.0,1.377,2.4,1.5364545,978.276716992707,93.75103416819172,10.24311014110222,125.0,20.0,20.0,37.0,101.04487296773343,-0.3341509785179969,0.21338845575048832,-5432.0,-4977.0,-4886.0,1.4343217391304,2.4,1.552087
2011-10-01,-5669.0,1.3706333333333,2.5,1.5758571,869.9077001404513,94.74451247991854,12.833104089919678,125.0,20.0,19.0,34.0,101.53770845902227,-0.42182556951595107,0.28896369787261666,-5694.0,-4760.0,-3232.0,1.377,2.4,1.5364545
2011-11-01,-3857.0,1.3555727272727,2.7,1.4846818,824.2919171662061,95.46960500216201,14.130343001660812,125.0,21.284554514646363,22.0,31.0,101.54926837677422,-0.39294589056326956,0.15076058749375276,-5669.0,-5432.0,-6001.0,1.3706333333333,2.5,1.5758571
2011-12-01,-4036.0,1.3179047619048,2.7,1.4260952,800.2792690632652,101.1445175059971,9.580682588554003,125.0,42.443863937592894,14.0,34.0,104.30289045922633,-0.44049362468111114,0.23258930736216052,-3857.0,-5694.0,-4808.0,1.3555727272727,2.7,1.4846818
2012-01-01,-6440.0,1.2904863636364,2.6,1.2222273,898.1437410485764,95.37279648367856,9.405151723396939,125.0,39.87114457095227,20.0,35.0,103.3218193896809,-0.3826221490847032,0.31697178043128194,-4036.0,-5669.0,-6812.0,1.3179047619048,2.7,1.4260952
2012-02-01,-5596.0,1.3224095238095,2.5,1.0482857,937.0684731341304,103.161627405641,10.836183649565028,125.0,40.69807958851329,25.0,34.0,108.14218034905454,-0.34725457945987015,0.2730295912203168,-6440.0,-3857.0,-5522.0,1.2904863636364,2.6,1.2222273
2012-03-01,-3954.0,1.3201,2.6,0.8584545,806.7209597155633,100.06535337027593,9.267538187196958,125.0,70.76742518776723,18.0,34.0,105.54600366754617,-0.3840309613998095,0.2665607189788284,-5596.0,-4036.0,-5546.0,1.3224095238095,2.5,1.0482857
2012-04-01,-5659.0,1.3161736842105,2.4,0.7443158,845.8199790325511,98.46393514935356,8.14124134606706,125.0,82.93862462114362,15.0,29.0,109.516612361886,-0.36478727868397254,0.21545028543608336,-3954.0,-6440.0,-5887.0,1.3201,2.6,0.8584545
2012-05-01,-4736.0,1.2788909090909,2.3,0.6849091,827.4428169976275,99.09497974880878,6.843791618785743,125.0,66.68206667743898,17.0,34.0,107.85909902597275,-0.4028776161315556,0.22411480376545745,-5659.0,-5596.0,-6714.0,1.3161736842105,2.4,0.7443158
2012-06-01,-4492.0,1.2526285714286,2.3,0.6588571,786.0676434501959,100.51442101966802,8.70401458880628,125.0,46.825174423168434,14.0,26.0,107.83293632453103,-0.39514154464935497,0.3018354615555975,-4736.0,-3954.0,-4977.0,1.2788909090909,2.3,0.6849091
2012-07-01,-3652.0,1.2288454545455,2.2,0.4970455,848.5664613319116,98.93341860143614,9.043091009028338,5.0,81.50273560283355,12.0,28.0,106.17091967030576,-0.061205559358916375,0.10478218447908061,-4492.0,-5659.0,-4760.0,1.2526285714286,2.3,0.6588571
2012-08-01,-5018.0,1.2399956521739,2.4,0.3323913,943.4236603662813,105.32594766282863,9.20253797979435,5.0,55.94787584179453,11.0,30.0,105.19523534565893,-0.04621561549780209,0.18171591277313343,-3652.0,-4736.0,-5432.0,1.2288454545455,2.2,0.4970455
2012-09-01,-3455.0,1.28557,2.2,0.2463,1028.5010203486179,106.63339236602152,7.208587983172845,5.0,68.4892149449863,20.0,35.0,99.86501187683507,-0.10012136831877984,0.11250422437834684,-5018.0,-4492.0,-5694.0,1.2399956521739,2.4,0.3323913
2012-10-01,-4591.0,1.2974173913043,2.1,0.207913,970.322099104183,107.15009435582704,7.018390035898534,5.0,59.45676401592347,15.0,35.0,99.98796356722012,0.054851257284114247,0.16470276557460076,-3455.0,-3652.0,-5669.0,1.28557,2.2,0.2463
2012-11-01,-3574.0,1.2827727272727,1.6,0.192,955.6489891531064,102.4933612580579,6.682709178231324,5.0,65.03569965434262,17.0,29.0,101.3831708362331,0.06556053902485066,0.10703624377146556,-4591.0,-5018.0,-3857.0,1.2974173913043,2.1,0.207913
2012-12-01,-3308.0,1.3119368421053,1.5,0.1854737,992.4927328714824,105.30103543296612,7.188303574113993,5.0,82.19685598728142,15.0,34.0,105.82025426578501,0.0008126449698787064,0.17869364319245074,-3574.0,-3455.0,-4036.0,1.2827727272727,1.6,0.192
2013-01-01,-6131.0,1.3288045454545,1.4,0.2049091,1080.178981116713,104.30783878047257,8.822227132755176,5.0,54.121282844877854,19.0,30.0,109.59075240710658,-0.09470914534252502,0.11236017087083544,-3308.0,-4591.0,-6440.0,1.3119368421053,1.5,0.1854737
2013-02-01,-3121.0,1.335905,1.2,0.22335,1049.8216414478723,106.19896834833492,8.887215891727456,5.0,53.87190350007379,22.0,29.0,106.21209426331544,-0.07192800595371715,0.11623349213657622,-6131.0,-3574.0,-5596.0,1.3288045454545,1.4,0.2049091
2013-03-01,-1335.0,1.29636,1.1,0.20605,1043.5223121272575,105.21653299159549,10.770213754903553,5.0,76.28111022850183,16.0,40.0,106.57160339766804,-0.06803027310777396,0.16531743893545375,-3121.0,-3308.0,-3954.0,1.335905,1.2,0.22335
2013-04-01,-2634.0,1.3026,0.8,0.2089048,963.6885902763572,103.84550120457857,8.074113886843973,5.0,91.65482720230659,16.0,28.0,106.76922329216774,-0.1317183831706013,0.11444786143138252,-1335.0,-6131.0,-5659.0,1.29636,1.1,0.20605
2013-05-01,-4432.0,1.2982045454545,0.9,0.2012273,878.1819771346528,97.6384879244079,8.045298069927604,5.0,122.97194886567094,13.0,28.0,107.58351760380424,-0.1334053463808611,0.13737533738614174,-2634.0,-3121.0,-4736.0,1.3026,0.8,0.2089048
2013-06-01,-2578.0,1.318875,1.0,0.21025,954.9985853606303,102.31082423842159,7.03296992455917,5.9319251368178705,109.11027449471689,13.0,29.0,106.911191377914,-0.16317280172835358,0.1652245296745017,-4432.0,-1335.0,-4492.0,1.2982045454545,0.9,0.2012273
2013-07-01,-4291.0,1.3080130434783,1.2,0.2214348,1073.852814524444,102.71131391421919,9.14418292279972,7.401432774834256,102.76515256582692,13.0,29.0,104.67408374141684,-0.19733459743773396,0.10903174591937154,-2578.0,-2634.0,-3652.0,1.318875,1.0,0.21025
2013-08-01,-3396.0,1.33095,1.0,0.2258636,1076.188801322053,99.84700696661773,5.753247777985112,9.880351839779689,99.90476810784968,10.0,29.0,102.76051357670185,-0.09388042289525128,0.10468558155519658,-4291.0,-4432.0,-5018.0,1.3080130434783,1.2,0.2214348
2013-09-01,-5090.0,1.3347904761905,1.0,0.2232381,1164.523845928296,100.67471157684164,5.927674286067568,9.289048088704625,103.9957736651724,12.0,32.0,103.70010703335672,-0.056973253943901556,0.16538114067986992,-3396.0,-2578.0,-3455.0,1.33095,1.0,0.2258636
2013-10-01,-3475.0,1.3634956521739,0.7,0.2258261,1199.828774859469,97.14753577280536,6.058702345928333,6.491871767371903,95.26214858991543,18.0,29.0,103.6676354731048,0.01763575410373916,0.13509936247004514,-5090.0,-4291.0,-4591.0,1.3347904761905,1.0,0.2232381
2013-11-01,-3206.0,1.3492904761905,0.8,0.223381,1153.922447768729,99.67047667139362,7.232861164400542,8.697140626777944,87.81961037997374,21.0,33.0,102.27492067947735,0.032421316629736095,0.19405524147202557,-3475.0,-3396.0,-3574.0,1.3634956521739,0.7,0.2258261
2013-12-01,-3343.0,1.37036,0.8,0.2735,1189.4095697017963,101.77863511765196,4.967790271038919,16.694408395326654,81.92246718464209,16.0,40.0,103.80785692703112,0.06073489681939002,0.07366336109675688,-3206.0,-5090.0,-3308.0,1.3492904761905,0.8,0.223381
2014-01-01,-7028.0,1.3610227272727,0.8,0.2920455,1318.3537131947396,106.2063820450505,6.192798426063044,20.314480158621965,84.90915027023459,16.0,33.0,107.81037176564527,0.03657227854743295,0.22460438405009953,-3343.0,-3475.0,-6131.0,1.37036,0.8,0.2735
2014-02-01,-2506.0,1.36585,1.1,0.2881,1318.9389095152435,96.64147049066793,5.641533976773395,19.413122356423813,89.59981840586552,19.0,36.0,110.43291297656555,0.007597289916317484,0.1527381452781224,-7028.0,-3206.0,-3121.0,1.3610227272727,0.8,0.2920455
2014-03-01,-3014.0,1.3822523809524,0.8,0.3053333,1447.5505626995744,99.42034877508803,7.222391523380031,25.622698985598852,81.84673740650302,20.0,36.0,108.8096649487157,0.029401617833059064,0.031995116393731066,-2506.0,-3343.0,-1335.0,1.36585,1.1,0.2881
2014-04-01,-3587.0,1.38125,0.8,0.32975,1238.967493681103,96.50144915584306,4.942986444133642,30.34562267308388,84.47935125400414,19.0,36.0,110.22555742471158,0.06626205988977502,0.1119267134394414,-3014.0,-7028.0,-2634.0,1.3822523809524,0.8,0.3053333
2014-05-01,-3616.0,1.3732142857143,0.8,0.3245714,1309.67931165118,99.08969794239292,5.3683350963092265,36.418794804293476,111.83864544509943,8.0,36.0,109.49816955174175,0.04476818354132059,0.12752979566042832,-3587.0,-2506.0,-4432.0,1.38125,0.8,0.32975
2014-06-01,-3689.0,1.3592380952381,0.6,0.2414286,1320.2591701888612,98.77100655503361,4.209818036111188,26.82917331854165,92.06220775237068,13.0,33.0,106.19935533672636,0.08203669140691218,0.1713516762596804,-3616.0,-3014.0,-2578.0,1.3732142857143,0.8,0.3245714
2014-07-01,-3798.0,1.3539173913043,0.6,0.2050435,1299.7536579180035,102.11242723782388,3.3621511511255844,28.021245525623733,108.57826274029476,12.0,32.0,104.36094081320475,0.10921539726602227,0.1497219244573769,-3689.0,-3587.0,-4291.0,1.3592380952381,0.6,0.2414286
2014-08-01,-4441.0,1.3316095238095,0.5,0.1915714,1310.8992005404016,102.80597065261286,3.0824132017943207,37.157648169406954,111.4347132256653,11.0,32.0,104.37579555679189,0.0980005717486938,0.14866503745640136,-3798.0,-3616.0,-3396.0,1.3539173913043,0.6,0.2050435
2014-09-01,-3553.0,1.2901363636364,0.4,0.0970909,1155.4866025620624,100.73987735829822,5.099585502535959,45.678811544216146,104.63340003966016,17.0,32.0,103.00518073903388,0.019129050856129204,0.21203534382816788,-4441.0,-3689.0,-5090.0,1.3316095238095,0.5,0.1915714
2014-10-01,-2749.0,1.2672739130435,0.5,0.0826087,1144.4586060863824,100.37141637617962,7.531875187410985,44.953094695377,102.32859528026661,23.0,34.0,104.96032847433956,0.008943007527569546,0.11932782289127261,-3553.0,-3798.0,-3475.0,1.2901363636364,0.4,0.0970909
2014-11-01,-1557.0,1.24722,0.4,0.0809,1179.7828982916808,104.82925193830224,7.845359515483416,41.601621898054304,86.69480765008052,18.0,34.0,102.3959725685126,0.00879508958056512,0.13433714880570405,-2749.0,-4441.0,-3206.0,1.2672739130435,0.5,0.0826087
2014-12-01,-3128.0,1.2331333333333,0.1,0.0809048,1304.09854680346,102.44968595585607,7.763660460783567,37.17823014354082,85.00390122768566,18.0,27.0,105.56471664844345,0.06529519860046618,0.1607004782547582,-1557.0,-3553.0,-3343.0,1.24722,0.4,0.0809
2015-01-01,-3569.0,1.1621333333333,-0.4,0.0626667,1266.3590569523026,107.1779529085659,9.72653914427689,36.72332714415758,55.53553059112936,14.0,34.0,108.94850134399063,0.1703045696389438,0.048138562783348146,-3128.0,-2749.0,-7028.0,1.2331333333333,0.1,0.0809048
2015-02-01,-2099.0,1.134965,-0.3,0.0482,1206.118746638754,98.51351200517317,12.953001213163622,36.11560996830718,57.20627669142541,14.0,34.0,108.97394303217143,0.13395353144687683,0.13820436411281603,-3569.0,-1557.0,-2506.0,1.1621333333333,-0.4,0.0626667
2015-03-01,-3306.0,1.0837681818182,0.0,0.0271818,1171.5619269658548,109.60662260203885,9.403528304046818,38.10575264107562,57.69176302588654,19.0,37.0,109.86402194443627,0.10110948068662749,0.10777867738459829,-2099.0,-3128.0,-3014.0,1.134965,-0.3,0.0482
2015-04-01,-2011.0,1.07793,0.1,0.0047,1251.0344197696695,103.29906539892859,12.041384335709903,36.903499522400715,80.59887811818672,13.0,31.0,110.07852168129268,0.09355786281254043,0.22423124023965202,-3306.0,-3569.0,-3587.0,1.0837681818182,0.0,0.0271818
2015-05-01,-3042.0,1.114955,0.3,-0.0103684,1282.0648545668205,102.81842698485553,13.92633573924913,33.41414797361443,76.29111914943475,14.0,31.0,109.1540537032366,0.08426552019589237,0.11813711477886854,-2011.0,-2099.0,-3616.0,1.07793,0.1,0.0047
2015-06-01,-339.0,1.1213227272727,0.3,-0.0139091,1243.8248060286876,106.88931401158749,13.206020191224633,32.08948275574156,66.22343697861913,15.0,24.0,107.94327929675299,0.16459140955997043,0.07893276104506312,-3042.0,-3306.0,-3689.0,1.114955,0.3,-0.0103684
2015-07-01,-1739.0,1.0995782608696,0.2,-0.0187391,1289.7535293632109,104.48531874515359,10.727322147912542,30.985352702544482,57.82717509039088,9.0,29.0,106.94689107116223,0.16297837646772476,0.11304598725179607,-339.0,-2011.0,-3798.0,1.1213227272727,0.3,-0.0139091
2015-08-01,-2713.0,1.1139047619048,0.1,-0.0276667,1301.514416253153,110.62919362158084,10.263679820113206,28.427693131413204,41.09286710209878,10.0,31.0,105.51746768595648,0.11377928003677795,0.17188182204818678,-1739.0,-3042.0,-4441.0,1.0995782608696,0.2,-0.0187391
2015-09-01,-2748.0,1.1221181818182,0.1,-0.0370455,1382.7772415869742,108.45981993178856,11.212549759674102,21.277039438138,62.23123316879942,15.0,30.0,103.46194512765025,0.078750772695614,0.17784588260988382,-2713.0,-339.0,-3553.0,1.1139047619048,0.1,-0.0276667
2015-10-01,-2966.0,1.1235090909091,0.2,-0.0535909,1328.8402264866336,111.60135541544601,9.687902639926909,20.492504393725103,65.82029346609107,13.0,29.0,106.7942572650894,0.062343278408235524,0.12150136436457278,-2748.0,-1739.0,-2749.0,1.1221181818182,0.1,-0.0370455
2015-11-01,-2944.0,1.0736,0.1,-0.087619,1305.879290455566,108.65237580342762,9.408812485845791,17.91203483901152,76.5087952911673,18.0,33.0,105.87082042531048,-0.0024909369555461275,0.2960501228526047,-2966.0,-2713.0,-1557.0,1.1235090909091,0.2,-0.0535909
2015-12-01,-1387.0,1.0877181818182,0.3,-0.1263182,1278.1989316863378,111.70406316902674,9.514389638915343,16.494515218510784,95.2669489023101,14.0,28.0,107.91936165173306,0.003989732998547683,0.1629615844816308,-2944.0,-2748.0,-3128.0,1.0736,0.1,-0.087619
2016-01-01,-4370.0,1.085965,0.3,-0.14615,1165.331956133728,113.38048430037406,8.594489727272322,11.708222143446406,86.19336822646672,17.0,33.0,107.32718388600162,-0.10645114710051082,0.21042377910841095,-1387.0,-2966.0,-3569.0,1.0877181818182,0.3,-0.1263182
2016-02-01,-4576.0,1.1092952380952,-0.1,-0.1835714,1195.3802711323533,113.16500031290626,11.12582155537294,15.13133142970418,82.20041925251138,19.0,36.0,107.4991126346438,0.000808236821309663,0.19913471844440733,-4370.0,-2944.0,-2099.0,1.085965,0.3,-0.14615
2016-03-01,-3954.0,1.1099666666667,-0.1,-0.2285238,1222.0524677552296,119.05991403862622,11.554780960041645,17.391934183836675,87.85933566299835,19.0,36.0,110.7425231174773,0.031285747633287786,0.12514617584571217,-4576.0,-1387.0,-3306.0,1.1092952380952,-0.1,-0.1835714
2016-04-01,-2126.0,1.133919047619,-0.1,-0.2491905,1227.7425473992773,116.50600959662043,9.698237582469854,5.696624622269178,91.09324547973065,24.0,31.0,112.06006055136405,0.07728290137421637,0.0894071567818718,-3954.0,-4370.0,-2011.0,1.1099666666667,-0.1,-0.2285238
2016-05-01,-1138.0,1.1311090909091,0.1,-0.2571818,1214.1484683286794,115.72741425860347,6.635086293644587,11.17273151618333,77.13763672110072,17.0,33.0,107.86742692587802,0.0745011109800831,0.16789411792871017,-2126.0,-4576.0,-3042.0,1.133919047619,-0.1,-0.2491905
2016-06-01,-1670.0,1.1228909090909,0.3,-0.2679091,1106.3499880664015,109.81668714727839,8.785443292178623,12.163588235934771,74.99357978188215,16.0,32.0,107.76326680835275,0.054288914001010505,0.15305558263123895,-1138.0,-3954.0,-339.0,1.1311090909091,0.1,-0.2571818
2016-07-01,-2639.0,1.1068523809524,0.4,-0.2945238,1080.1777124719113,116.69236557007821,10.69324798874086,14.789001487853879,67.76529570693592,9.0,23.0,106.84861512950836,0.08561983624174496,0.224974076497863,-1670.0,-2126.0,-1739.0,1.1228909090909,0.3,-0.2679091
2016-08-01,-4370.0,1.1211739130435,0.4,-0.2982174,1060.7371746128035,119.34102443622234,6.9485341866396855,18.186366690105,73.54412566094555,8.0,28.0,108.09109549185644,0.12168412509807663,0.19632435043232635,-2639.0,-1138.0,-2713.0,1.1068523809524,0.4,-0.2945238
2016-09-01,-3102.0,1.1212090909091,0.5,-0.3016364,1004.9009867574307,113.54422828343624,6.916661090616516,22.155766647926857,45.08374377355011,15.0,34.0,109.01757319763472,0.17173692585787337,0.2004312194286486,-4370.0,-1670.0,-2748.0,1.1211739130435,0.4,-0.2982174
2016-10-01,-3649.0,1.1026047619048,0.5,-0.309,1001.4050110757588,114.91266493746778,6.648695439062552,16.41025686768227,63.57208615921873,17.0,30.0,105.21971079909885,0.14028131418382772,0.1317427902489887,-3102.0,-2639.0,-2966.0,1.1212090909091,0.5,-0.3016364
2016-11-01,-3387.0,1.0798954545455,0.7,-0.3126818,1043.2023844104824,106.24318212616346,7.316595600744793,24.350067488865268,49.8518363430608,19.0,34.0,108.29457201714234,0.053828640451435705,0.14773977708459018,-3649.0,-4370.0,-2944.0,1.1026047619048,0.5,-0.309
2016-12-01,2706.0,1.0542904761905,0.8,-0.3157619,1202.7764112035256,111.3239179983262,9.889106054028135,21.01439398395708,42.97093680970811,15.0,33.0,108.92447249671638,-0.09607637487610815,0.08760283606727828,-3387.0,-3102.0,-1387.0,1.0798954545455,0.7,-0.3126818
2017-01-01,-9523.0,1.0614409090909,1.6,-0.3255455,1222.3898844172058,108.48685269428948,11.244904272606354,19.62580849749864,38.69114602020429,18.0,33.0,108.58909172048712,-0.1276409708607205,0.2112207515026806,2706.0,-3649.0,-4370.0,1.0542904761905,0.8,-0.3157619
2017-02-01,-5772.0,1.064265,1.4,-0.3286,1248.2685078711002,114.6785719261765,8.479452671410773,23.821735848677093,38.20254503385095,20.0,31.0,112.8571178125317,-0.06627589795778366,0.20544626737029742,-9523.0,-3387.0,-4576.0,1.0614409090909,1.6,-0.3255455
2017-03-01,-3084.0,1.0684695652174,1.4,-0.3293478,1247.0957329602559,113.50408829494833,6.700927097466434,15.552925302353003,34.75400329386681,22.0,38.0,113.11943431868112,-0.05859539590493307,0.09042824813593626,-5772.0,2706.0,-3954.0,1.064265,1.4,-0.3286
2017-04-01,-3567.0,1.0722666666667,1.4,-0.3303889,1098.3992168100876,113.20031221600928,7.190707919371079,23.025050371647417,40.045485400002654,25.0,37.0,112.40925343545412,0.009669125468977455,0.16906396960192402,-3084.0,-9523.0,-2126.0,1.0684695652174,1.4,-0.3293478
2017-05-01,-3104.0,1.10575,0.9,-0.3294545,1103.9085216547587,111.75781268442171,6.564726589403827,20.0676004540561,37.24412750244831,19.0,34.0,110.98937526000856,0.007586295106432609,0.1700967321488734,-3567.0,-5772.0,-1138.0,1.0722666666667,1.4,-0.3303889
2017-06-01,-2233.0,1.1229454545455,0.8,-0.33,1116.2526765386003,115.67872447498888,4.987190938248127,17.754793399279006,70.95677816821971,11.0,29.0,109.91292424074886,0.09443818598529893,0.17530446199889227,-3104.0,-3084.0,-1670.0,1.10575,0.9,-0.3294545
2017-07-01,-4892.0,1.1511142857143,0.8,-0.3304286,1320.6032446831898,108.49102595082901,6.271816013166618,30.31838031910855,68.75068256421683,9.0,23.0,110.6600410419992,0.08036765264713858,0.1648583176019685,-2233.0,-3567.0,-2639.0,1.1229454545455,0.8,-0.33
2017-08-01,-4666.0,1.1806739130435,1.0,-0.329087,1308.6229058517195,111.56410976267344,6.984064616386547,22.39878081439559,74.32044963638315,12.0,28.0,108.97160394249046,0.19999087321734207,0.12344652365255424,-4892.0,-3104.0,-4370.0,1.1511142857143,0.8,-0.3304286
2017-09-01,-3363.0,1.1914571428571,1.1,-0.329381,1336.3828580272257,113.21450494114922,9.149080153561936,13.57583430799372,45.79870153606299,10.0,31.0,109.51465911034656,0.11631865254800115,0.16563883979529123,-4666.0,-2233.0,-3102.0,1.1806739130435,1.0,-0.329087
2017-10-01,-3914.0,1.1755863636364,1.2,-0.3295455,1336.714642148289,110.57987579924266,7.12958202522639,15.909283282470852,47.34872921025466,15.0,32.0,107.50125709112176,0.08559928790807433,0.06412126170645067,-3363.0,-4892.0,-3649.0,1.1914571428571,1.1,-0.329381
2017-11-01,-3381.0,1.1738,1.2,-0.329,1246.322820937909,110.60324217126961,7.272502466407053,11.171801732253986,37.15858134116183,15.0,37.0,110.26112521035228,0.08191836621600987,0.08374849983780157,-3914.0,-4666.0,-3387.0,1.1755863636364,1.2,-0.3295455
2017-12-01,1366.0,1.1836210526316,1.2,-0.3278947,1342.5685125012903,108.23253938758715,6.789171996344174,6.890280688868674,69.50663089025159,14.0,28.0,108.01607508919452,0.02063203553515714,0.03693775481098974,-3381.0,-3363.0,2706.0,1.1738,1.2,-0.329
2018-01-01,-6606.0,1.21995,1.5,-0.3284545,1405.7143533787078,109.61784922237345,6.932764482970803,6.508889857004702,73.63981246787115,14.0,32.0,112.62890551848078,-0.02752966837266896,0.20345615428513422,1366.0,-3914.0,-9523.0,1.1836210526316,1.2,-0.3278947
2018-02-01,-7409.0,1.23478,1.3,-0.3285,1470.788336427956,112.78223901708976,7.565017865943744,8.662765068280706,87.21855195458558,18.0,32.0,115.70135216942339,0.007340855566998546,0.19752402330018604,-6606.0,-3381.0,-5772.0,1.21995,1.5,-0.3284545
2018-03-01,-4166.0,1.233619047619,1.7,-0.3279048,1398.5923616522457,104.66753940195728,8.287391343210095,8.046034409026772,207.01100663787054,14.0,36.0,113.75769809773416,-0.06924888647829627,0.23273696421453677,-7409.0,1366.0,-3084.0,1.23478,1.3,-0.3285
2018-04-01,-4358.0,1.22763,1.8,-0.32845,1512.742651655741,110.44789308021426,5.7406642448892535,11.437184604905525,237.27231651249463,18.0,29.0,112.9567092561654,-0.037825420474927415,0.20279474345942455,-4166.0,-6606.0,-3567.0,1.233619047619,1.7,-0.3279048
2018-05-01,-6508.0,1.1812227272727,2.3,-0.3252273,1400.3524562508994,109.46379324997547,6.211367924936701,5.044005167704525,206.3788621464143,14.0,25.0,113.35566761618931,-0.010121627822082688,0.2521950020551406,-4358.0,-7409.0,-3104.0,1.22763,1.8,-0.32845
2018-06-01,-3110.0,1.1678285714286,2.3,-0.3220476,1449.1943270861539,111.39753415983928,8.634319243022983,12.566872929836947,212.18312066983543,13.0,31.0,111.3282348045027,0.04373074088095035,0.08842830737855631,-6508.0,-4166.0,-2233.0,1.1812227272727,2.3,-0.3252273
2018-07-01,-1288.0,1.1685727272727,2.6,-0.3207273,1625.3960849363152,117.41480138135198,7.8941076992904895,5.0,218.39174160233227,12.0,27.0,108.53098677143144,0.09843186102892564,0.22063883280902802,-3110.0,-4358.0,-4892.0,1.1678285714286,2.3,-0.3220476
2018-08-01,-6512.0,1.1548956521739,2.6,-0.319,1543.7706533120702,111.33232968075994,8.15006156433873,5.336408719607228,234.19718806004227,8.0,28.0,106.41729434598902,0.10477474341728044,0.19444235558825607,-1288.0,-6508.0,-4666.0,1.1685727272727,2.6,-0.3207273
2018-09-01,-4469.0,1.16587,2.5,-0.31885,1497.635192530919,117.801049390408,6.836524643371466,14.803349406800354,226.02074140641554,14.0,32.0,110.05292217928839,0.14749073046401814,0.08184935361639613,-6512.0,-3110.0,-3363.0,1.1548956521739,2.6,-0.319
2018-10-01,-3852.0,1.1484043478261,2.5,-0.3176957,1505.652233079843,117.37025224554223,6.671147430949845,12.568228108755214,219.7469909054431,19.0,28.0,106.00166702066976,0.1466416348011209,0.1218385706149644,-4469.0,-1288.0,-3914.0,1.16587,2.5,-0.31885
2018-11-01,-2966.0,1.1366863636364,2.2,-0.3163636,1465.2667883220302,114.9615621498537,7.077011982124753,17.929531720934012,219.83889431949467,14.0,40.0,108.99743977168507,0.1735733300626111,0.23061406809495066,-3852.0,-6512.0,-3381.0,1.1484043478261,2.5,-0.3176957
2018-12-01,277.0,1.1384210526316,1.9,-0.3118947,1341.873644858621,115.99103691631875,6.8980698026132385,12.950321221448387,229.05513412937174,12.0,27.0,111.24768389348077,0.1472265795121066,0.16799994674828012,-2966.0,-4469.0,1366.0,1.1366863636364,2.2,-0.3163636
2019-01-01,-5830.0,1.1416409090909,1.4,-0.308,1350.3630835907895,117.17463388064834,6.155769042832845,6.572192436959801,239.0787337345422,14.0,29.0,111.33591954546662,0.23556331448054812,0.12475998025433037,277.0,-3852.0,-6606.0,1.1384210526316,1.9,-0.3118947
2019-02-01,-5727.0,1.135115,1.6,-0.30845,1268.2218879044763,115.08719716772468,4.756497903109138,5.0,210.03439539445844,14.0,31.0,113.3565145025642,0.2686144416712859,0.15095865580685602,-5830.0,-2966.0,-7409.0,1.1416409090909,1.4,-0.308
2019-03-01,-5232.0,1.1302476190476,1.3,-0.3091905,1310.5130664851058,120.39219520820234,4.604976406288425,5.0,202.08778857862717,17.0,32.0,112.81411713213097,0.22446171985926416,0.14562949742714534,-5727.0,277.0,-4166.0,1.135115,1.6,-0.30845
2019-04-01,-4477.0,1.123825,1.5,-0.31045,1240.5593794831846,117.6260052801128,4.695333778555382,5.3139600098828215,203.4211944637853,15.0,27.0,114.68780134432298,0.19518019058666378,0.08309210353450978,-5232.0,-5830.0,-4358.0,1.1302476190476,1.3,-0.3091905
2019-05-01,-2686.0,1.1184590909091,1.1,-0.3118636,1369.483503674407,120.5134020586313,4.978884001812133,7.593025197040513,197.37414777916305,11.0,28.0,113.17210213111656,0.2022056973004171,0.10242513176293574,-4477.0,-5727.0,-6508.0,1.123825,1.5,-0.31045
2019-06-01,-3487.0,1.12934,1.4,-0.3289,1309.3030537176944,114.7364260961716,4.373615861952359,11.690692061951387,217.3305847178148,15.0,29.0,113.30009578692456,0.13888544298777034,0.18109114040392715,-2686.0,-5232.0,-3110.0,1.1184590909091,1.1,-0.3118636
2019-07-01,-2933.0,1.1218391304348,1.3,-0.3648696,1287.1613744006042,119.61554484530228,4.893365963018729,27.153213255424014,225.16015978471404,9.0,29.0,109.1560427974963,0.1637424814656874,0.1766525959876699,-3487.0,-4477.0,-1288.0,1.12934,1.4,-0.3289
2019-08-01,-5908.0,1.1126227272727,1.3,-0.4076818,1356.2866856765663,124.64231694276359,6.042393937269295,28.372253135481504,216.5701098812787,10.0,36.0,109.61814604292887,0.17417016110051456,0.09359075785828455,-2933.0,-2686.0,-6512.0,1.1218391304348,1.3,-0.3648696
2019-09-01,-5201.0,1.1003904761905,1.1,-0.4175714,1260.5480933339952,120.43738203399799,6.333355089355415,27.020471729583072,209.47297968355934,13.0,33.0,107.82382561034642,0.1441867529134373,0.15070661720588308,-5908.0,-3487.0,-4469.0,1.1126227272727,1.3,-0.4076818
2019-10-01,-2958.0,1.1052565217391,0.9,-0.4128696,1283.2944743289797,125.50932563196521,5.092717005963256,28.261882823874164,220.84233456416592,18.0,34.0,109.63249632229838,0.16411038346499868,0.13132813850822195,-5201.0,-2933.0,-3852.0,1.1003904761905,1.1,-0.4175714
2019-11-01,-3441.0,1.1050952380952,1.2,-0.4012857,1391.9832996593232,123.60548028809863,4.176316779819682,33.21960781193027,241.37717843665357,14.0,32.0,112.69292275717915,0.17576176950777017,0.04319550769173061,-2958.0,-5908.0,-2966.0,1.1052565217391,0.9,-0.4128696
2019-12-01,844.0,1.111345,1.6,-0.3947,1265.4369582008978,128.63019672628695,4.119665258434749,33.2488505929917,240.28817364012733,16.0,28.0,110.5023702266614,0.18204934326172337,0.11579600475102039,-3441.0,-5201.0,277.0,1.1050952380952,1.2,-0.4012857
2020-01-01,-7405.0,1.1100363636364,1.7,-0.3911364,1284.6643646776652,129.87345191096657,5.185463484139415,34.791780308258254,125.77348117934005,15.0,36.0,112.46115937060307,0.18647820962130615,0.16523465712329896,844.0,-2958.0,-5830.0,1.111345,1.6,-0.3947
2020-02-01,-6367.0,1.0905,1.6,-0.40885,1309.5463652886633,126.97595825532254,3.8190904748532666,33.270264815861374,136.14411948847683,15.0,37.0,115.57422985839187,0.22349633189780363,0.14119243479588228,-7405.0,-3441.0,-5727.0,1.1100363636364,1.7,-0.3911364
2020-03-01,-2630.0,1.1063409090909,0.8,-0.4166364,1375.7108140903636,101.64372242655348,10.876837471011054,72.74409527407224,185.39545593804326,16.0,30.0,101.57628296777749,-0.08667003574449722,0.2828784117796673,-6367.0,844.0,-5232.0,1.0905,1.6,-0.40885
2020-04-01,-3575.0,1.08619,0.4,-0.25405,1279.1162517524,101.9567730270014,10.919780340995377,80.02584765395169,173.6579500905478,16.0,41.0,100.6851081021676,-0.1212025823536596,0.313625748699612,-2630.0,-7405.0,-4477.0,1.1063409090909,0.8,-0.4166364
2020-05-01,-9085.0,1.090185,0.4,-0.27195,1177.6765139223626,101.82222115044503,7.921505443828451,77.3962800211929,190.07299506919065,18.0,36.0,102.7605173195052,-0.11231486997561924,0.3033036138259889,-3575.0,-6367.0,-2686.0,1.08619,0.4,-0.25405
2020-06-01,-8180.0,1.1254590909091,0.2,-0.376,1225.5559854071894,105.42050908802901,7.951243082810035,38.745803364388706,178.1711484275319,12.0,34.0,100.7449819834424,-0.10745423667187268,0.23939041362234842,-9085.0,-2630.0,-3487.0,1.090185,0.4,-0.27195
2020-07-01,-4498.0,1.1463391304348,0.9,-0.4441304,1254.5291955431076,124.23276552565022,8.510785910656297,37.70848010168467,110.91816738533524,9.0,33.0,107.87142229402905,-0.19522440320531573,0.25354901737647867,-8180.0,-3575.0,-2933.0,1.1254590909091,0.2,-0.376
2020-08-01,-5971.0,1.1828095238095,0.2,-0.4797143,1279.2325688554586,112.51152315717603,8.625523231641214,38.5046729161141,131.1039168116996,11.0,35.0,104.95203405954055,-0.2523306072660487,0.21753560421064297,-4498.0,-9085.0,-5908.0,1.1463391304348,0.9,-0.4441304
2020-09-01,-6586.0,1.1792409090909,0.0,-0.4913636,1311.1430068069628,113.15093408651082,7.384300421627618,33.81170702935293,157.46833089503482,17.0,34.0,104.83002448929597,-0.26670738873872574,0.25154342282752984,-5971.0,-8180.0,-5201.0,1.1828095238095,0.2,-0.4797143
2020-10-01,-3279.0,1.1775181818182,0.1,-0.5091364,1260.3293119513512,119.98960003474389,4.868979259523632,34.6882046838413,163.89391170259236,21.0,34.0,103.80762316829565,0.054236259308833384,0.22303359778075593,-6586.0,-4498.0,-2958.0,1.1792409090909,0.0,-0.4913636
2020-11-01,-1837.0,1.1837904761905,0.2,-0.5208571,1283.463350797156,112.08965396681134,6.58386521175552,34.43296831645029,182.19420144886283,17.0,33.0,106.21783556327858,0.007926762591805428,0.12539373524372222,-3279.0,-5971.0,-3441.0,1.1775181818182,0.1,-0.5091364
2020-12-01,284.0,1.2169727272727,0.0,-0.5380909,1311.0233449959046,110.98133376937854,5.53228294247582,38.94763496456669,194.44064601845295,17.0,34.0,107.57590735677014,0.002729606671660542,0.13644799112488118,-1837.0,-6586.0,844.0,1.1837904761905,0.2,-0.5208571
2021-01-01,-5385.0,1.217085,0.8,-0.54715,1257.4657879988729,131.00219839821875,5.82426999084111,37.241837486487825,171.56614220431092,20.0,39.0,114.68473127319804,0.008315145960086798,0.17910611694546466,284.0,-3279.0,-7405.0,1.2169727272727,0.0,-0.5380909
2021-02-01,-4530.0,1.20979,0.8,-0.5411,1411.3358989184746,123.38330875448705,5.2696906244609005,42.23544026152209,186.38532313907712,15.0,36.0,116.48439214964228,0.0006966525083150037,0.1360257441057957,-5385.0,-1837.0,-6367.0,1.217085,0.8,-0.54715
2021-03-01,-5975.0,1.1899086956522,1.4,-0.539087,1450.9271505119666,123.01092547910328,6.396050829416582,49.01262560312335,178.80002260431516,20.0,36.0,116.37333437838092,0.02277434748858699,0.1651561362538102,-4530.0,284.0,-2630.0,1.20979,0.8,-0.5411
2021-04-01,-4588.0,1.19791,1.6,-0.53815,1356.5552548760274,121.80897960196066,4.810082599209265,50.47404534808674,167.2628541956362,15.0,36.0,114.51616721521107,0.05157563221477739,0.09601177918380663,-5975.0,-5385.0,-3575.0,1.1899086956522,1.4,-0.539087
2021-05-01,-5476.0,1.2145904761905,1.8,-0.5400952,1411.8049937240892,124.68581285044642,5.416370962873985,50.620923251649565,140.4586735796635,15.0,31.0,115.01778929340965,0.04200010678051906,0.15819686820878348,-4588.0,-4530.0,-9085.0,1.19791,1.6,-0.53815
2021-06-01,-3420.0,1.2047090909091,1.9,-0.5429091,1335.5061652251459,119.19371722226336,6.160484196734675,51.39231087272959,122.94110799765582,11.0,29.0,110.82650167401931,0.07441268904585657,0.1975248629334132,-5476.0,-5975.0,-8180.0,1.2145904761905,1.8,-0.5400952
2021-07-01,-4715.0,1.1821818181818,1.5,-0.5448182,1401.5983163852643,127.62413117494218,4.797322898145153,55.081590376752395,124.13749319745448,11.0,29.0,112.74263755705573,0.04232628070957739,0.20185468842723947,-3420.0,-4588.0,-4498.0,1.2047090909091,1.9,-0.5429091
2021-08-01,-6944.0,1.1771818181818,2.4,-0.5475909,1496.1555946945366,124.33546371483244,3.590970999047295,53.896631062187325,148.5635127004959,9.0,29.0,111.29147946232416,-0.004077737058644081,0.17407124432245022,-4715.0,-5476.0,-5971.0,1.1821818181818,1.5,-0.5448182
2021-09-01,-6273.0,1.1770318181818,2.7,-0.5450455,1430.5740529272034,121.77306962500415,4.047389156077726,59.3255658665397,169.25236673969172,14.0,30.0,109.6919300888551,-0.025407639901265495,0.16738187481954608,-6944.0,-3420.0,-6586.0,1.1771818181818,2.4,-0.5475909
2021-10-01,-5273.0,1.1601476190476,3.2,-0.5498095,1508.9632362611321,120.21014132909862,4.451957500581919,64.00920100604908,172.24179478488563,19.0,35.0,113.26271730238625,-0.030173810023098498,0.11577075367696318,-6273.0,-4715.0,-3279.0,1.1770318181818,2.7,-0.5450455
2021-11-01,-7861.0,1.1414045454545,3.4,-0.5673636,1541.8154089270904,122.21765098514544,5.285558943397894,63.74915561206969,161.7711482460988,17.0,33.0,111.40988693143186,-0.06195200858386072,0.1297288126121836,-5273.0,-6944.0,-1837.0,1.1601476190476,3.2,-0.5498095
2021-12-01,-6978.0,1.1303782608696,3.4,-0.5819565,1606.785728957035,125.14764962603648,6.02649239805671,60.83072385753301,186.2824572251808,16.0,29.0,115.54666995134463,-0.01245821941974349,0.17789253759121168,-7861.0,-6273.0,284.0,1.1414045454545,3.4,-0.5673636
2022-01-01,-8065.0,1.1314476190476,3.3,-0.5601429,1756.500238719167,130.08869732876104,5.208129198528108,66.54009109799948,179.63261760645767,17.0,41.0,113.75708868847713,-0.03348769554468436,0.10407544795594173,-6978.0,-5273.0,-5385.0,1.1303782608696,3.4,-0.5819565
2022-02-01,-8386.0,1.13419,4.2,-0.5315,1731.9956849032733,127.08167716189399,8.88301874884591,60.89682259326704,160.87083924698914,42.0,94.0,118.50255664321112,-0.17918228597434768,0.2137411936915754,-8065.0,-7861.0,-4530.0,1.1314476190476,3.3,-0.5601429
2022-03-01,-13215.0,1.1018956521739,5.1,-0.4954348,1667.2888737415121,126.0101253286697,9.328807364563039,57.152990688283815,182.87615631625897,37.0,100.0,115.22125064476796,-0.12814080485321228,0.08513900586786559,-8386.0,-6978.0,-5975.0,1.13419,4.2,-0.5315
2022-04-01,-11968.0,1.0818736842105,5.4,-0.4478947,1592.9492307703815,123.61040359356801,7.263772890339318,50.725219209748666,168.36593111965695,30.0,62.0,109.97865630218804,-0.09919831099375187,0.22781742751806805,-13215.0,-8065.0,-4588.0,1.1018956521739,5.1,-0.4954348
2022-05-01,-13955.0,1.05785,5.8,-0.3857273,1525.918372588509,127.77734464199395,8.478138567889415,47.54511768432412,172.71398319215146,26.0,43.0,112.91590362317382,-0.11160123080254634,0.15310828642577096,-11968.0,-8386.0,-5476.0,1.0818736842105,5.4,-0.4478947
2022-06-01,-10781.0,1.0565818181818,6.5,-0.2392273,1519.2577867561993,123.72104584674949,9.178866187286713,52.68981836018226,158.81498780882237,18.0,40.0,113.27763896106342,-0.07493017036234684,0.23966647115564643,-13955.0,-13215.0,-3420.0,1.05785,5.8,-0.3857273
2022-07-01,-10791.0,1.0178904761905,6.8,0.036619,1546.184046793163,126.50981479875216,10.545508273015614,54.750054170925,155.59626052814548,20.0,39.0,112.65412870426036,-0.03336467154306805,0.2039878175069113,-10781.0,-11968.0,-4715.0,1.0565818181818,6.5,-0.2392273
2022-08-01,-13594.0,1.0128434782609,6.6,0.3947391,1567.4418138504943,129.8436876394986,8.802483923153664,55.08312247752225,163.303269956378,18.0,48.0,111.025080096767,-0.03415870216544867,0.2743383286637434,-10791.0,-13955.0,-6944.0,1.0178904761905,6.8,0.036619
2022-09-01,-13231.0,0.9903772727273,6.2,1.0108636,1632.3350793102168,129.0217645264996,10.409151407434798,56.80634982992061,145.75401097810405,21.0,47.0,111.78575712660525,-0.019164643452213304,0.12352653699498697,-13594.0,-10781.0,-6273.0,1.0128434782609,6.6,0.3947391
2022-10-01,-9580.0,0.9825666666667,7.1,1.4276667,1630.8608641535552,126.11744444499571,12.399762600972483,62.59606244358741,145.5178043200059,22.0,46.0,113.41950823825113,-0.13146117317922226,0.2227633255322552,-13231.0,-10791.0,-5273.0,0.9903772727273,6.2,1.0108636
2022-11-01,-11053.0,1.0201272727273,7.1,1.8252273,1744.6572339072231,124.45055421760087,15.83789622662805,59.60554070765358,161.70672282854642,19.0,40.0,113.29132486445428,-0.0779753731029476,0.21477766255167557,-9580.0,-13594.0,-7861.0,0.9825666666667,7.1,1.4276667
2022-12-01,-10029.0,1.058880952381,6.7,2.0634762,1718.8361998039495,131.50448982895765,10.559657770697294,61.189356813307974,196.41927412054713,20.0,40.0,117.53057329647486,-0.008123928433121819,0.2338896977370255,-11053.0,-13231.0,-6978.0,1.0201272727273,7.1,1.8252273
